month_label,category,incidents,deaths,injuries
Feb 2026,BNP internal,95,8,599
Feb 2026,BNP-Jamaat,191,1,998
Mar 2026,BNP internal,45,9,501
Mar 2026,BNP-Jamaat,16,5,109
Mar 2026,BNP-Awami League,22,2,156
Mar 2026,BNP-NCP,2,0,11
Mar 2026,BNP-other party,21,0,39
Mar 2026,Other,7,2,96
May 2026,BNP internal,18,0,114
May 2026,BNP-Jamaat,10,1,49
May 2026,BNP-Awami League,14,2,72
Jun 2026,BNP internal,21,3,146
Jun 2026,BNP-Jamaat,8,2,36
Jun 2026,BNP-Awami League,14,2,115
Jun 2026,BNP-NCP,5,0,18
Jun 2026,BNP-other party,5,0,9
Jun 2026,Other,5,2,22
